account_sid,body,direction
AC1111111111,Rev up your savings! Get $5K off the Ford F-150 today.,outbound-api
AC1111111111,Upgrade your ride: Ford F-150 at 10% discount!,outbound-api
AC1111111111,Limited time offer: Drive home a Ford F-150 with $0 down.,outbound-api
AC1111111111,Unleash power and savings with our F-150 deal!,outbound-api
AC1111111111,Get behind the wheel of a Ford F-150 at a steal.,outbound-api
AC1111111111,Haul in savings: Ford F-150 now $8K off!,outbound-api
AC1111111111,"Big deals on the Ford F-150, don't miss out!",outbound-api
AC1111111111,"Command the road with our F-150, on sale now.",outbound-api
AC1111111111,Last chance! Ford F-150 with special 0.9% APR.,outbound-api
AC1111111111,Upgrade your pickup game: F-150 discounted!,outbound-api
AC1111111111,Roar into savings: $7K off the Ford F-150.,outbound-api
AC1111111111,Elevate your drive with the Ford F-150 deal.,outbound-api
AC1111111111,Limited stock: Grab your F-150 at a steal!,outbound-api
AC1111111111,"Revolutionize your ride: Ford F-150, now on sale.",outbound-api
AC1111111111,"Unbeatable offer: Ford F-150, $6K off!",outbound-api
AC1111111111,Experience power and savings in the F-150.,outbound-api
AC1111111111,Your new Ford F-150 awaits! Special financing available.,outbound-api
AC1111111111,Get the workhorse you need: F-150 on sale!,outbound-api
AC1111111111,"Upgrade your pickup: Ford F-150, best deal.",outbound-api
AC1111111111,Don't compromise on power or price: F-150 deal!,outbound-api
AC1111111111,"Hurry, limited units left of the discounted F-150.",outbound-api
AC1111111111,Conquer the road with our Ford F-150 offer.,outbound-api
AC1111111111,"Experience the F-150 advantage, now on discount.",outbound-api
AC1111111111,"Get the toughest truck: Ford F-150, $9K off!",outbound-api
AC1111111111,Last chance for F-150 savings - ends soon!,outbound-api
AC1111111111,"Command attention with a new F-150, discounted!",outbound-api
AC1111111111,Upgrade your drive: Ford F-150 at a steal.,outbound-api
AC1111111111,Roar into savings with $5K off the F-150!,outbound-api
AC1111111111,Limited inventory alert: F-150 deal you need!,outbound-api
AC1111111111,"Ford F-150: Power, performance, and a discount!",outbound-api
AC1111111111,Drive home the F-150 with special financing.,outbound-api
AC1111111111,"Rev up your savings: Ford F-150, $7K off!",outbound-api
AC1111111111,Upgrade your pickup game with our F-150 deal.,outbound-api
AC1111111111,Unleash power and savings: Ford F-150.,outbound-api
AC1111111111,Limited time left for the F-150 discount.,outbound-api
AC1111111111,Haul in savings: $8K off the Ford F-150!,outbound-api
AC1111111111,Get behind the wheel of a discounted F-150.,outbound-api
AC1111111111,"Big deals, big power: Ford F-150 on sale!",outbound-api
AC1111111111,Conquer the road with the Ford F-150 deal.,outbound-api
AC1111111111,Last chance for $6K off the Ford F-150!,outbound-api
AC1111111111,Upgrade your drive: F-150 at a special price.,outbound-api
AC1111111111,Revolutionize your ride with the F-150 deal.,outbound-api
AC1111111111,Experience the F-150 advantage with savings.,outbound-api
AC1111111111,Don't miss out: Ford F-150 at a steal!,outbound-api
AC1111111111,Limited units available: Get your F-150 now!,outbound-api
AC1111111111,Get the workhorse you need: F-150 on discount.,outbound-api
AC1111111111,Upgrade your pickup: F-150 with big savings.,outbound-api
AC1111111111,Unbeatable offer: Ford F-150 now $9K off!,outbound-api
AC1111111111,Elevate your drive with the discounted F-150.,outbound-api
AC1111111111,"Get the toughest truck: F-150, limited time deal!",outbound-api
AC1111111111,Hey Sarah! Drive home the Subaru Forester today with $4K off!,outbound-api
AC1111111111,"Upgrade your adventure, John: Subaru Forester now 15% off!",outbound-api
AC1111111111,"Limited time deal, Emily: $0 down on a new Subaru Forester.",outbound-api
AC1111111111,"Experience the outdoors, Alex: Subaru Forester deal awaits!",outbound-api
AC1111111111,"Get ready for road trips, Jessica: Subaru Forester on sale.",outbound-api
AC1111111111,"Discover new trails, Michael: Subaru Forester now $6K off!",outbound-api
AC1111111111,Hello Ashley! Subaru Forester deals you can't resist!,outbound-api
AC1111111111,"Unlock your journey, Daniel: Subaru Forester, special offer.",outbound-api
AC1111111111,"Last chance, Jennifer! 0.9% APR on the Subaru Forester.",outbound-api
AC1111111111,"Adventure is calling, David: Subaru Forester discounted!",outbound-api
AC1111111111,"Take the scenic route, Lauren: Subaru Forester $5K off!",outbound-api
AC1111111111,"Escape in style, Matthew: Subaru Forester, limited stock.",outbound-api
AC1111111111,Hi Emily! Don't miss out on the Subaru Forester deal!,outbound-api
AC1111111111,"Roam freely, Andrew: Subaru Forester now on sale.",outbound-api
AC1111111111,"Ready for exploration, Olivia: Subaru Forester, $7K off!",outbound-api
AC1111111111,Hey Jason! Subaru Forester brings adventure and savings.,outbound-api
AC1111111111,"Your journey starts here, Sophia: Subaru Forester offer.",outbound-api
AC1111111111,Hello Ethan! Get your Subaru Forester with special financing.,outbound-api
AC1111111111,"Unleash wanderlust, Ava: Subaru Forester deal awaits!",outbound-api
AC1111111111,"Make memories, William: Subaru Forester at a steal.",outbound-api
AC1111111111,"Time to explore, Mia: Subaru Forester, limited units left.",outbound-api
AC1111111111,Hi Christopher! Subaru Forester adventure starts here.,outbound-api
AC1111111111,"Experience more, Emma: Subaru Forester, discounted!",outbound-api
AC1111111111,"Embrace the outdoors, Daniel: Subaru Forester, $8K off!",outbound-api
AC1111111111,"Adventure awaits, Madison: Subaru Forester at a discount.",outbound-api
AC1111111111,Hello Ethan! Grab your Subaru Forester with savings.,outbound-api
AC1111111111,"Seize the day, Chloe: Subaru Forester, last chance deal.",outbound-api
AC1111111111,"Hit the road, Ryan: Subaru Forester now on sale!",outbound-api
AC1111111111,"Hello Sarah! Subaru Forester, your ticket to adventure.",outbound-api
AC1111111111,"Get away, Tyler: Subaru Forester, limited time offer.",outbound-api
AC1111111111,"Ready to roam, Grace: Subaru Forester with special savings.",outbound-api
AC1111111111,Hi Jacob! Subaru Forester adventure starts now.,outbound-api
AC1111111111,"Escape the ordinary, Olivia: Subaru Forester, $6K off!",outbound-api
AC1111111111,"Unleash your journey, Liam: Subaru Forester deal inside.",outbound-api
AC1111111111,Hi Emily! Don't miss out on the Subaru Forester offer!,outbound-api
AC1111111111,"Find your path, Ethan: Subaru Forester, special pricing.",outbound-api
AC1111111111,"Adventure calls, Ava: Subaru Forester at a steal.",outbound-api
AC1111111111,"Explore more, Benjamin: Subaru Forester, limited stock.",outbound-api
AC1111111111,Hello Jessica! Subaru Forester deal you've been waiting for.,outbound-api
AC1111111111,"Hi Daniel! Subaru Forester, adventure and savings await.",outbound-api
AC1111111111,"Discover new horizons, Mia: Subaru Forester on sale.",outbound-api
AC1111111111,"Embrace the open road, Lucas: Subaru Forester, $7K off!",outbound-api
AC1111111111,Hi Emily! Subaru Forester offers you can't resist!,outbound-api
AC1111111111,"Ready for adventure, Alexander: Subaru Forester discounted!",outbound-api
AC1111111111,"Hello Sophia! Subaru Forester, your gateway to exploration.",outbound-api
AC1111111111,"Roam freely, Olivia: Subaru Forester, limited time offer.",outbound-api
AC1111111111,"Escape the ordinary, Liam: Subaru Forester $8K off!",outbound-api
AC1111111111,"Find your way, Emma: Subaru Forester at a steal.",outbound-api
AC1111111111,"Ready to explore, Noah: Subaru Forester, last chance deal.",outbound-api
AC1111111111,"Hi Emily! Subaru Forester, adventure starts here.",outbound-api
AC1111111111,Hi Mark! Friendly reminder: Your auto loan payment is due in 3 days.,outbound-api
AC1111111111,Hello Sarah! Your auto loan installment is coming up soon. Please prepare.,outbound-api
AC1111111111,Hey Alex! Just a heads up: Your auto loan payment is due next week.,outbound-api
AC1111111111,Hi Jessica! Your auto loan payment is due in 5 days. Plan ahead!,outbound-api
AC1111111111,"Hello Michael! Don't forget, your auto loan payment is due soon.",outbound-api
AC1111111111,Hey Emily! Your auto loan installment is coming up. Stay on track!,outbound-api
AC1111111111,Hi David! A quick reminder: Your auto loan payment is due shortly.,outbound-api
AC1111111111,Hello Jennifer! Your auto loan payment is due in 7 days. Be ready!,outbound-api
AC1111111111,Hey Chris! Just a reminder to make your auto loan payment on time.,outbound-api
AC1111111111,Hi Ashley! Your auto loan installment is due next week. Prepare now.,outbound-api
AC1111111111,Hello Daniel! Your auto loan payment is due in 4 days. Stay on top of it!,outbound-api
AC1111111111,"Hey Rachel! Don't forget, your auto loan payment is due soon.",outbound-api
AC1111111111,Hi Kevin! A friendly reminder: Your auto loan payment is approaching.,outbound-api
AC1111111111,Hello Olivia! Your next auto loan installment is coming up. Plan ahead!,outbound-api
AC1111111111,Hey Brian! Your auto loan payment is due in 6 days. Be prepared!,outbound-api
AC1111111111,Hi Laura! Just a quick heads up: Your auto loan payment is due shortly.,outbound-api
AC1111111111,Hello Matthew! Your auto loan payment is due soon. Keep it in mind!,outbound-api
AC1111111111,Hey Megan! Your auto loan installment is due next week. Stay on track!,outbound-api
AC1111111111,Hi Jessica! A reminder to make your auto loan payment on time.,outbound-api
AC1111111111,Hello Ryan! Your auto loan payment is due in 4 days. Stay prepared!,outbound-api
AC1111111111,Hey Jason! Your auto loan payment is approaching. Don't forget!,outbound-api
AC1111111111,Hi Emily! Just a friendly reminder: Your auto loan payment is due soon.,outbound-api
AC1111111111,Hello Andrew! Your auto loan installment is coming up. Stay on top of it!,outbound-api
AC1111111111,Hey Lisa! Your auto loan payment is due in 5 days. Prepare now!,outbound-api
AC1111111111,"Hi John! Don't forget, your auto loan payment is due shortly.",outbound-api
AC1111111111,Hello Nicole! Your auto loan payment is due next week. Be ready!,outbound-api
AC1111111111,Hey Daniel! A quick reminder: Your auto loan payment is approaching.,outbound-api
AC1111111111,Hi Sarah! Your auto loan installment is due soon. Keep it in mind!,outbound-api
AC1111111111,Hello Eric! Your auto loan payment is due in 7 days. Plan ahead!,outbound-api
AC1111111111,Hey Jessica! Just a heads up: Your auto loan payment is due shortly.,outbound-api
AC1111111111,Hi Alex! Your auto loan payment is due soon. Stay prepared!,outbound-api
AC1111111111,Hello Michelle! Your auto loan installment is coming up. Don't forget!,outbound-api
AC1111111111,Hey Justin! A friendly reminder: Your auto loan payment is due next week.,outbound-api
AC1111111111,Hi Emily! Your auto loan payment is due in 4 days. Be ready!,outbound-api
AC1111111111,Hello Matthew! Just a reminder: Your auto loan payment is approaching.,outbound-api
AC1111111111,Hey Amanda! Your auto loan installment is due shortly. Plan ahead!,outbound-api
AC1111111111,Hi David! Your auto loan payment is due soon. Stay on top of it!,outbound-api
AC1111111111,Hello Jennifer! Your auto loan payment is due in 6 days. Prepare now!,outbound-api
AC1111111111,Hey Brian! Just a quick heads up: Your auto loan payment is due soon.,outbound-api
AC1111111111,Hi Laura! Your auto loan payment is due next week. Be prepared!,outbound-api
AC1111111111,Hello Michael! A reminder: Your auto loan payment is approaching.,outbound-api
AC1111111111,Hey Rachel! Your auto loan installment is coming up. Keep it in mind!,outbound-api
AC1111111111,Hi Kevin! Your auto loan payment is due in 5 days. Plan ahead!,outbound-api
AC1111111111,"Hello Olivia! Don't forget, your auto loan payment is due shortly.",outbound-api
AC1111111111,Hey Chris! Your auto loan payment is due soon. Stay prepared!,outbound-api
AC1111111111,Hi Megan! Your auto loan installment is due in 4 days. Be ready!,outbound-api
AC1111111111,Hello Matthew! Just a friendly reminder: Your auto loan payment is due shortly.,outbound-api
AC1111111111,Hey Jason! Your auto loan payment is approaching. Don't forget!,outbound-api
AC1111111111,Hi Emily! Your auto loan payment is due next week. Be prepared!,outbound-api
AC1111111111,Hello Andrew! A reminder: Your auto loan payment is approaching.,outbound-api
AC1111111112,Hi there! Welcome to SwiftMart. Your verification code is 739215.,outbound-api
AC1111111113,Hello from SecureBank! Your OTP is 582049. Keep it safe!,outbound-api
AC1111111114,Greetings from TravelEase! Use code 916743 for verification.,outbound-api
AC1111111115,"Hey, it's MealPal! Your one-time code is 375821. Enjoy!",outbound-api
AC1111111116,Welcome to FitFlex Gym. Your verification code: 290176.,outbound-api
AC1111111117,Hello! Your code for QuickRide is 869534. Happy travels!,outbound-api
AC1111111118,"Hey there, SparkShop here. Your OTP is 652418. Happy shopping!",outbound-api
AC1111111119,Greetings from HealthFirst Clinic! Verify with code 134890.,outbound-api
AC1111111120,"Hi, it's PetPalace! Your one-time code is 729653. Woof!",outbound-api
AC1111111121,Welcome to SwiftServe. Your verification code: 471826.,outbound-api
AC1111111122,Hello from StyleHub! Your OTP is 826315. Stay stylish!,outbound-api
AC1111111123,"Hey, it's QuickFix Repairs. Your code is 503279. Fix it up!",outbound-api
AC1111111124,Greetings from BookWorm Library. Verify with code 218573.,outbound-api
AC1111111125,"Hi there, CleanCar Wash here. Your one-time code: 964102.",outbound-api
AC1111111126,Welcome to FreshBite. Your verification code is 389457.,outbound-api
AC1111111127,Hello! Your code for ExpressMeds is 765908. Stay well!,outbound-api
AC1111111128,"Hey, it's TechTrend. Your OTP is 625147. Stay techie!",outbound-api
AC1111111129,Greetings from UrbanFlowers. Verify with code 341689.,outbound-api
AC1111111130,"Hi, it's LifeFit Gym! Your one-time code: 572934.",outbound-api
AC1111111131,Hello from FoodFiesta! Your code is 810326. Bon appÃ©tit!,outbound-api
AC1111111132,Welcome to HealthLink Pharmacy. Your verification code: 496173.,outbound-api
AC1111111133,"Hey there, TrendyCloth here. Your OTP is 287645. Stay fashionable!",outbound-api
AC1111111134,Greetings from PlayLand Arcade. Verify with code 743582.,outbound-api
AC1111111135,"Hi, it's FixItAll Services! Your code is 159473. Problem solved!",outbound-api
AC1111111136,Hello! Your code for QuickRent is 614270. Happy renting!,outbound-api
AC1111111137,Hi Sarah! ðŸš— Ready to revolutionize car shopping? Download the AutoBuy app: autobuy.com/app?code=sarah123,outbound-api
AC1111111138,Hey Alex! ðŸ›’ Discover the easiest way to buy vehicles. Get the AutoBuy app at autobuy.com/app?code=alex456,outbound-api
AC1111111139,Hello Emily! ðŸš™ Looking for a new ride? AutoBuy has you covered. Get the app: autobuy.com/app?code=emily789,outbound-api
AC1111111140,Hi Daniel! ðŸš— Skip the hassle and buy your dream car stress-free. Download AutoBuy: autobuy.com/app?code=daniel234,outbound-api
AC1111111141,Hey Jessica! ðŸš™ Find your perfect car with AutoBuy. Download the app now: autobuy.com/app?code=jessica567,outbound-api
AC1111111142,Hello Michael! ðŸ›’ Ready to simplify car shopping? Get the AutoBuy app: autobuy.com/app?code=michael890,outbound-api
AC1111111143,"Hi Olivia! ðŸš— Buy, sell, and trade vehicles effortlessly with AutoBuy. Download now: autobuy.com/app?code=olivia123",outbound-api
AC1111111144,Hey Ethan! ðŸš™ Your dream car is a tap away. Download AutoBuy at autobuy.com/app?code=ethan456,outbound-api
AC1111111145,Hello Ava! ðŸ›’ Shop smart for cars with AutoBuy. Download the app: autobuy.com/app?code=ava789,outbound-api
AC1111111146,Hi William! ðŸš— Revolutionize your car-buying experience with AutoBuy. Get the app: autobuy.com/app?code=william234,outbound-api
AC1111111147,Hey Mia! ðŸš™ Explore thousands of vehicles on AutoBuy. Download the app now: autobuy.com/app?code=mia567,outbound-api
AC1111111148,Hello Noah! ðŸ›’ Get the AutoBuy app and make car shopping a breeze. Download at autobuy.com/app?code=noah890,outbound-api
AC1111111149,Hi Sophia! ðŸš— Your next car is waiting. Download AutoBuy now: autobuy.com/app?code=sophia123,outbound-api
AC1111111150,Hey Benjamin! ðŸš™ Discover the easiest way to buy and sell cars. Get the AutoBuy app: autobuy.com/app?code=benjamin456,outbound-api
AC1111111151,Hello Isabella! ðŸ›’ Simplify car shopping with AutoBuy. Download the app: autobuy.com/app?code=isabella789,outbound-api
AC1111111152,"Hi James! ðŸš— Shop, compare, and drive your dream car with AutoBuy. Get the app: autobuy.com/app?code=james234",outbound-api
AC1111111153,Hey Mia! ðŸš™ Get the AutoBuy app and find your perfect ride. Download at autobuy.com/app?code=mia567,outbound-api
AC1111111154,Hello Lucas! ðŸ›’ Your new car adventure starts with AutoBuy. Download now: autobuy.com/app?code=lucas890,outbound-api
AC1111111155,Hi Amelia! ðŸš— Buy and sell cars the smart way. Download AutoBuy: autobuy.com/app?code=amelia123,outbound-api
AC1111111156,Hey Liam! ðŸš™ Discover the future of car shopping. Get the AutoBuy app: autobuy.com/app?code=liam456,outbound-api
AC1111111157,Hello Emma! ðŸ›’ Find your dream car stress-free with AutoBuy. Download the app: autobuy.com/app?code=emma789,outbound-api
AC1111111158,Hi Oliver! ðŸš— Get the AutoBuy app and transform your car-buying experience: autobuy.com/app?code=oliver234,outbound-api
AC1111111159,"Hey Ava! ðŸš™ Buy, sell, and trade vehicles with ease on AutoBuy. Download now: autobuy.com/app?code=ava567",outbound-api
AC1111111160,Hello Ethan! ðŸ›’ Your dream car is just a tap away. Get the AutoBuy app: autobuy.com/app?code=ethan890,outbound-api
AC1111111161,Hi Charlotte! ðŸš— Shop smarter for cars with AutoBuy. Download the app: autobuy.com/app?code=charlotte123,outbound-api
AC1111111162,Hey Jackson! ðŸš™ Simplify car shopping with AutoBuy. Download the app now: autobuy.com/app?code=jackson456,outbound-api
AC1111111163,Hello Mia! ðŸ›’ Upgrade your car-buying game with AutoBuy. Get the app: autobuy.com/app?code=mia789,outbound-api
AC1111111164,Hi Liam! ðŸš— Your perfect car is waiting on AutoBuy. Download now: autobuy.com/app?code=liam234,outbound-api
AC1111111165,Hey Sophia! ðŸš™ Experience car shopping like never before. Get the AutoBuy app: autobuy.com/app?code=sophia567,outbound-api
AC1111111166,"Hello Noah! ðŸ›’ Buy, sell, and explore vehicles effortlessly with AutoBuy. Download now: autobuy.com/app?code=noah890",outbound-api
AC1111111167,Hi there! How does the online car buying process work?,inbound
AC1111111168,"Hey, I'm interested in buying a car online. What are the steps?",inbound
AC1111111169,Hello! Can you guide me through the process of purchasing a car online?,inbound
AC1111111170,"Hi, I have some questions about buying a car online. Where do I start?",inbound
AC1111111171,"Hey, I'm a bit unsure about buying a car online. Can you explain?",inbound
AC1111111172,Hello! What's the procedure for buying a car through your website?,inbound
AC1111111173,"Hi, can you provide more details about how I can buy a car online?",inbound
AC1111111174,"Hey, I've never bought a car online before. What's the process like?",inbound
AC1111111175,Hello! I'm interested in purchasing a car online. Any guidance?,inbound
AC1111111176,"Hi, can you walk me through the steps of buying a car online?",inbound
AC1111111177,"Hey, how do I browse and choose a car from your online inventory?",inbound
AC1111111178,Hello! Is there a way to see the available cars online before buying?,inbound
AC1111111179,"Hi, where can I view the selection of cars you have for online buying?",inbound
AC1111111180,"Hey, do you have a list of available cars I can check out online?",inbound
AC1111111181,Hello! How can I filter and search for cars on your website?,inbound
AC1111111182,"Hi, I'm interested in specific car features. Can I search for them online?",inbound
AC1111111183,"Hey, is there a way to see the condition of the cars online?",inbound
AC1111111184,Hello! Can I see photos of the cars available for online purchase?,inbound
AC1111111185,"Hi, how often is the online car inventory updated?",inbound
AC1111111186,"Hey, how do I get information about the price of a car online?",inbound
AC1111111187,Hello! Can you explain the pricing structure for cars on your website?,inbound
AC1111111188,"Hi, are the online prices the same as at the dealership?",inbound
AC1111111189,"Hey, can I apply for financing online while purchasing a car?",inbound
AC1111111190,Hello! What are the financing options for buying a car online?,inbound
AC1111111191,"Hi, do you offer any online tools to calculate monthly payments?",inbound
AC1111111192,"Hey, can I get a quote for a specific car's monthly payment online?",inbound
AC1111111193,Hello! What's the process for getting pre-approved for financing online?,inbound
AC1111111194,"Hi, are there any additional fees I should know about when buying online?",inbound
AC1111111195,"Hey, how do I handle paperwork and documentation for an online purchase?",inbound
AC1111111196,Hello! What documents will I need to complete an online car purchase?,inbound
AC1111111197,"Hi, do I need to physically sign documents for an online car buy?",inbound
AC1111111198,"Hey, what's the process for transferring ownership when buying online?",inbound
AC1111111199,Hello! Can I complete all necessary forms online for a car purchase?,inbound
AC1111111200,"Hi, what's the timeline for receiving the necessary documents after buying?",inbound
AC1111111201,"Hey, are there any legal or regulatory aspects I should be aware of?",inbound
AC1111111202,Hello! Can I review and sign contracts electronically for an online car buy?,inbound
AC1111111203,"Hi, how does the car delivery or pickup process work after buying online?",inbound
AC1111111204,"Hey, when can I expect to receive the car after making an online purchase?",inbound
AC1111111205,Hello! Do you offer home delivery for cars bought online?,inbound
AC1111111206,"Hi, can I schedule a pickup at the dealership after an online purchase?",inbound